domain,https_usage,has_https_rr,rr_count,ech_present,dnssec_present,records,param_flags.mode,param_flags.alpn,param_flags.ipv4hint,param_flags.ipv6hint,param_flags.dynamic_config
britannica.com,True,True,1,True,True,"[{'rdata_text': '1 . alpn=""h3,h2"" ipv4hint=""104.18.4.110,104.18.5.110"" ech=""AEX+DQBBGgAgACClPo4T0YplcS4Top9Gw1apvlH3jmVnAc9TZOqYaoKKawAEAAEAAQASY2xvdWRmbGFyZS1lY2guY29tAAA=""', 'priority': 1, 'target': '.'}]",Service,True,True,False,True
discordapp.com,True,True,1,True,True,"[{'rdata_text': '1 . alpn=""h2"" ipv4hint=""162.159.129.233,162.159.130.233,162.159.133.233,162.159.134.233,162.159.135.233"" ech=""AEX+DQBBGgAgACClPo4T0YplcS4Top9Gw1apvlH3jmVnAc9TZOqYaoKKawAEAAEAAQASY2xvdWRmbGFyZS1lY2guY29tAAA=""', 'priority': 1, 'target': '.'}]",Service,True,True,False,True
remove.bg,True,True,1,True,True,"[{'rdata_text': '1 . alpn=""h2"" ipv4hint=""104.18.34.156,172.64.153.100"" ech=""AEX+DQBBGgAgACClPo4T0YplcS4Top9Gw1apvlH3jmVnAc9TZOqYaoKKawAEAAEAAQASY2xvdWRmbGFyZS1lY2guY29tAAA="" ipv6hint=""2606:4700:4402::ac40:9964,2606:4700:440d::6812:229c""', 'priority': 1, 'target': '.'}]",Service,True,True,True,True
e621.net,True,True,1,True,True,"[{'rdata_text': '1 . alpn=""h2"" ipv4hint=""104.20.31.112,172.66.160.235"" ech=""AEX+DQBBGgAgACClPo4T0YplcS4Top9Gw1apvlH3jmVnAc9TZOqYaoKKawAEAAEAAQASY2xvdWRmbGFyZS1lY2guY29tAAA="" ipv6hint=""2606:4700:10::6814:1f70,2606:4700:10::ac42:a0eb""', 'priority': 1, 'target': '.'}]",Service,True,True,True,True
ficbook.net,True,True,1,True,True,"[{'rdata_text': '1 . alpn=""h3,h2"" ipv4hint=""172.66.133.152,172.66.138.205"" ech=""AEX+DQBBGgAgACClPo4T0YplcS4Top9Gw1apvlH3jmVnAc9TZOqYaoKKawAEAAEAAQASY2xvdWRmbGFyZS1lY2guY29tAAA=""', 'priority': 1, 'target': '.'}]",Service,True,True,False,True
gekso.xyz,True,True,1,True,True,"[{'rdata_text': '1 . alpn=""h3,h2"" ipv4hint=""104.26.8.182,104.26.9.182,172.67.71.157"" ech=""AEX+DQBBGgAgACClPo4T0YplcS4Top9Gw1apvlH3jmVnAc9TZOqYaoKKawAEAAEAAQASY2xvdWRmbGFyZS1lY2guY29tAAA="" ipv6hint=""2606:4700:20::681a:8b6,2606:4700:20::681a:9b6,2606:4700:20::ac43:479d""', 'priority': 1, 'target': '.'}]",Service,True,True,True,True
kamababa.desi,True,True,1,True,True,"[{'rdata_text': '1 . alpn=""h3,h2"" ipv4hint=""104.26.0.135,104.26.1.135,172.67.70.253"" ech=""AEX+DQBBGgAgACClPo4T0YplcS4Top9Gw1apvlH3jmVnAc9TZOqYaoKKawAEAAEAAQASY2xvdWRmbGFyZS1lY2guY29tAAA="" ipv6hint=""2606:4700:20::681a:87,2606:4700:20::681a:187,2606:4700:20::ac43:46fd""', 'priority': 1, 'target': '.'}]",Service,True,True,True,True
prokerala.com,True,True,1,True,True,"[{'rdata_text': '1 . alpn=""h3,h2"" ipv4hint=""104.26.14.242,104.26.15.242,172.67.69.237"" ech=""AEX+DQBBGgAgACClPo4T0YplcS4Top9Gw1apvlH3jmVnAc9TZOqYaoKKawAEAAEAAQASY2xvdWRmbGFyZS1lY2guY29tAAA="" ipv6hint=""2606:4700:20::681a:ef2,2606:4700:20::681a:ff2,2606:4700:20::ac43:45ed""', 'priority': 1, 'target': '.'}]",Service,True,True,True,True
tmohentai.com,True,True,1,True,True,"[{'rdata_text': '1 . alpn=""h3,h2"" ipv4hint=""104.21.19.52,172.67.185.63"" ech=""AEX+DQBBGgAgACClPo4T0YplcS4Top9Gw1apvlH3jmVnAc9TZOqYaoKKawAEAAEAAQASY2xvdWRmbGFyZS1lY2guY29tAAA="" ipv6hint=""2606:4700:3033::ac43:b93f,2606:4700:3036::6815:1334""', 'priority': 1, 'target': '.'}]",Service,True,True,True,True
zonatmo.com,True,True,1,True,True,"[{'rdata_text': '1 . alpn=""h3,h2"" ipv4hint=""104.21.91.243,172.67.182.42"" ech=""AEX+DQBBGgAgACClPo4T0YplcS4Top9Gw1apvlH3jmVnAc9TZOqYaoKKawAEAAEAAQASY2xvdWRmbGFyZS1lY2guY29tAAA="" ipv6hint=""2606:4700:3037::6815:5bf3,2606:4700:3037::ac43:b62a""', 'priority': 1, 'target': '.'}]",Service,True,True,True,True
missav.ws,True,True,1,True,True,"[{'rdata_text': '1 . alpn=""h3,h2"" ipv4hint=""104.20.31.186,172.66.167.65"" ech=""AEX+DQBBGgAgACClPo4T0YplcS4Top9Gw1apvlH3jmVnAc9TZOqYaoKKawAEAAEAAQASY2xvdWRmbGFyZS1lY2guY29tAAA="" ipv6hint=""2606:4700:10::6814:1fba,2606:4700:10::ac42:a741""', 'priority': 1, 'target': '.'}]",Service,True,True,True,True
missav.ai,True,True,1,True,True,"[{'rdata_text': '1 . alpn=""h3,h2"" ipv4hint=""104.20.16.252,172.66.173.34"" ech=""AEX+DQBBGgAgACClPo4T0YplcS4Top9Gw1apvlH3jmVnAc9TZOqYaoKKawAEAAEAAQASY2xvdWRmbGFyZS1lY2guY29tAAA="" ipv6hint=""2606:4700:10::6814:10fc,2606:4700:10::ac42:ad22""', 'priority': 1, 'target': '.'}]",Service,True,True,True,True
gizmodo.com,True,True,1,True,True,"[{'rdata_text': '1 . alpn=""h3,h2"" ipv4hint=""104.26.2.63,104.26.3.63,172.67.74.173"" ech=""AEX+DQBBGgAgACClPo4T0YplcS4Top9Gw1apvlH3jmVnAc9TZOqYaoKKawAEAAEAAQASY2xvdWRmbGFyZS1lY2guY29tAAA="" ipv6hint=""2606:4700:20::681a:23f,2606:4700:20::681a:33f,2606:4700:20::ac43:4aad""', 'priority': 1, 'target': '.'}]",Service,True,True,True,True
sciencemag.org,True,True,1,True,True,"[{'rdata_text': '1 . alpn=""h3,h2"" ipv4hint=""104.18.41.243,172.64.146.13"" ech=""AEX+DQBBTgAgACDgjbk5yfc8TCPlqmK8qQK0P9wxbLnT6ZcGwl3v2OrKFAAEAAEAAQASY2xvdWRmbGFyZS1lY2guY29tAAA=""', 'priority': 1, 'target': '.'}]",Service,True,True,False,True
wpguardian.com,True,True,1,True,True,"[{'rdata_text': '1 . alpn=""h3,h2"" ipv4hint=""104.21.87.126,172.67.143.79"" ech=""AEX+DQBBGgAgACClPo4T0YplcS4Top9Gw1apvlH3jmVnAc9TZOqYaoKKawAEAAEAAQASY2xvdWRmbGFyZS1lY2guY29tAAA="" ipv6hint=""2606:4700:3032::6815:577e,2606:4700:3033::ac43:8f4f""', 'priority': 1, 'target': '.'}]",Service,True,True,True,True
aznude.com,True,True,1,True,True,"[{'rdata_text': '1 . alpn=""h3,h2"" ipv4hint=""104.18.51.6,104.18.53.42"" ech=""AEX+DQBBGgAgACClPo4T0YplcS4Top9Gw1apvlH3jmVnAc9TZOqYaoKKawAEAAEAAQASY2xvdWRmbGFyZS1lY2guY29tAAA="" ipv6hint=""2606:4700:3112::6812:352a,2606:4700:311c::6812:3306""', 'priority': 1, 'target': '.'}]",Service,True,True,True,True
arabsex.to,True,True,1,True,True,"[{'rdata_text': '1 . alpn=""h3,h2"" ipv4hint=""104.26.8.80,104.26.9.80,172.67.70.232"" ech=""AEX+DQBBGgAgACClPo4T0YplcS4Top9Gw1apvlH3jmVnAc9TZOqYaoKKawAEAAEAAQASY2xvdWRmbGFyZS1lY2guY29tAAA="" ipv6hint=""2606:4700:20::681a:850,2606:4700:20::681a:950,2606:4700:20::ac43:46e8""', 'priority': 1, 'target': '.'}]",Service,True,True,True,True
52shuku.vip,True,True,1,True,True,"[{'rdata_text': '1 . alpn=""h3,h2"" ipv4hint=""104.21.87.201,172.67.145.240"" ech=""AEX+DQBBTgAgACDgjbk5yfc8TCPlqmK8qQK0P9wxbLnT6ZcGwl3v2OrKFAAEAAEAAQASY2xvdWRmbGFyZS1lY2guY29tAAA="" ipv6hint=""2606:4700:3033::ac43:91f0,2606:4700:3035::6815:57c9""', 'priority': 1, 'target': '.'}]",Service,True,True,True,True
missav.live,True,True,1,True,True,"[{'rdata_text': '1 . alpn=""h3,h2"" ipv4hint=""104.26.6.107,104.26.7.107,172.67.72.106"" ech=""AEX+DQBBTgAgACDgjbk5yfc8TCPlqmK8qQK0P9wxbLnT6ZcGwl3v2OrKFAAEAAEAAQASY2xvdWRmbGFyZS1lY2guY29tAAA="" ipv6hint=""2606:4700:20::681a:66b,2606:4700:20::681a:76b,2606:4700:20::ac43:486a""', 'priority': 1, 'target': '.'}]",Service,True,True,True,True
onlar.az,True,True,1,True,True,"[{'rdata_text': '1 . alpn=""h3,h2"" ipv4hint=""104.21.72.112,172.67.182.246"" ech=""AEX+DQBBTgAgACDgjbk5yfc8TCPlqmK8qQK0P9wxbLnT6ZcGwl3v2OrKFAAEAAEAAQASY2xvdWRmbGFyZS1lY2guY29tAAA="" ipv6hint=""2606:4700:3036::6815:4870,2606:4700:3037::ac43:b6f6""', 'priority': 1, 'target': '.'}]",Service,True,True,True,True
52shuku.net,True,True,1,True,True,"[{'rdata_text': '1 . alpn=""h3,h2"" ipv4hint=""104.21.70.19,172.67.217.238"" ech=""AEX+DQBBoAAgACC1s8bOVBWBjF9ngtb7yyj0lS54XIum9+PgQy65T2a8ZgAEAAEAAQASY2xvdWRmbGFyZS1lY2guY29tAAA="" ipv6hint=""2606:4700:3032::6815:4613,2606:4700:3037::ac43:d9ee""', 'priority': 1, 'target': '.'}]",Service,True,True,True,True
transmissionbt.com,True,True,1,True,True,"[{'rdata_text': '1 . alpn=""h3,h2"" ipv4hint=""104.21.27.40,172.67.168.226"" ech=""AEX+DQBBoAAgACC1s8bOVBWBjF9ngtb7yyj0lS54XIum9+PgQy65T2a8ZgAEAAEAAQASY2xvdWRmbGFyZS1lY2guY29tAAA="" ipv6hint=""2606:4700:3031::6815:1b28,2606:4700:3035::ac43:a8e2""', 'priority': 1, 'target': '.'}]",Service,True,True,True,True
freetype.org,True,True,1,True,True,"[{'rdata_text': '1 . alpn=""h3,h2"" ipv4hint=""104.21.49.238,172.67.195.212"" ech=""AEX+DQBBoAAgACC1s8bOVBWBjF9ngtb7yyj0lS54XIum9+PgQy65T2a8ZgAEAAEAAQASY2xvdWRmbGFyZS1lY2guY29tAAA="" ipv6hint=""2606:4700:3033::6815:31ee,2606:4700:3034::ac43:c3d4""', 'priority': 1, 'target': '.'}]",Service,True,True,True,True
handle.net,True,True,1,True,True,"[{'rdata_text': '1 . alpn=""h3,h2"" ipv4hint=""104.21.6.52,172.67.154.242"" ech=""AEX+DQBBoAAgACC1s8bOVBWBjF9ngtb7yyj0lS54XIum9+PgQy65T2a8ZgAEAAEAAQASY2xvdWRmbGFyZS1lY2guY29tAAA="" ipv6hint=""2606:4700:3033::ac43:9af2,2606:4700:3037::6815:634""', 'priority': 1, 'target': '.'}]",Service,True,True,True,True
hwg.org,True,True,1,True,True,"[{'rdata_text': '1 . alpn=""h3,h2"" ipv4hint=""104.21.58.222,172.67.209.23"" ech=""AEX+DQBBoAAgACC1s8bOVBWBjF9ngtb7yyj0lS54XIum9+PgQy65T2a8ZgAEAAEAAQASY2xvdWRmbGFyZS1lY2guY29tAAA="" ipv6hint=""2606:4700:3033::6815:3ade,2606:4700:3035::ac43:d117""', 'priority': 1, 'target': '.'}]",Service,True,True,True,True
xnxxarab.to,True,True,1,True,True,"[{'rdata_text': '1 . alpn=""h3,h2"" ipv4hint=""104.21.74.225,172.67.164.13"" ech=""AEX+DQBBoAAgACC1s8bOVBWBjF9ngtb7yyj0lS54XIum9+PgQy65T2a8ZgAEAAEAAQASY2xvdWRmbGFyZS1lY2guY29tAAA="" ipv6hint=""2606:4700:3030::6815:4ae1,2606:4700:3033::ac43:a40d""', 'priority': 1, 'target': '.'}]",Service,True,True,True,True
html5up.net,True,True,1,True,True,"[{'rdata_text': '1 . alpn=""h3,h2"" ipv4hint=""104.21.76.136,172.67.195.190"" ech=""AEX+DQBBoAAgACC1s8bOVBWBjF9ngtb7yyj0lS54XIum9+PgQy65T2a8ZgAEAAEAAQASY2xvdWRmbGFyZS1lY2guY29tAAA="" ipv6hint=""2606:4700:3030::6815:4c88,2606:4700:3036::ac43:c3be""', 'priority': 1, 'target': '.'}]",Service,True,True,True,True
complianz.io,True,True,1,True,True,"[{'rdata_text': '1 . alpn=""h3,h2"" ipv4hint=""104.21.70.194,172.67.138.205"" ech=""AEX+DQBBoAAgACC1s8bOVBWBjF9ngtb7yyj0lS54XIum9+PgQy65T2a8ZgAEAAEAAQASY2xvdWRmbGFyZS1lY2guY29tAAA="" ipv6hint=""2606:4700:3034::6815:46c2,2606:4700:3036::ac43:8acd""', 'priority': 1, 'target': '.'}]",Service,True,True,True,True
steamdb.info,True,True,1,True,True,"[{'rdata_text': '1 . alpn=""h3,h2"" ipv4hint=""104.20.34.212,172.66.175.250"" ech=""AEX+DQBBoAAgACC1s8bOVBWBjF9ngtb7yyj0lS54XIum9+PgQy65T2a8ZgAEAAEAAQASY2xvdWRmbGFyZS1lY2guY29tAAA="" ipv6hint=""2606:4700:10::6814:22d4,2606:4700:10::ac42:affa""', 'priority': 1, 'target': '.'}]",Service,True,True,True,True
kotaku.com,True,True,1,True,True,"[{'rdata_text': '1 . alpn=""h3,h2"" ipv4hint=""104.26.6.137,104.26.7.137,172.67.68.158"" ech=""AEX+DQBBoAAgACC1s8bOVBWBjF9ngtb7yyj0lS54XIum9+PgQy65T2a8ZgAEAAEAAQASY2xvdWRmbGFyZS1lY2guY29tAAA="" ipv6hint=""2606:4700:20::681a:689,2606:4700:20::681a:789,2606:4700:20::ac43:449e""', 'priority': 1, 'target': '.'}]",Service,True,True,True,True
avsubthai.me,True,True,1,True,True,"[{'rdata_text': '1 . alpn=""h3,h2"" ipv4hint=""104.26.2.18,104.26.3.18,172.67.74.101"" ech=""AEX+DQBBoAAgACC1s8bOVBWBjF9ngtb7yyj0lS54XIum9+PgQy65T2a8ZgAEAAEAAQASY2xvdWRmbGFyZS1lY2guY29tAAA="" ipv6hint=""2606:4700:20::681a:212,2606:4700:20::681a:312,2606:4700:20::ac43:4a65""', 'priority': 1, 'target': '.'}]",Service,True,True,True,True
doxygen.nl,True,True,1,True,True,"[{'rdata_text': '1 . alpn=""h3,h2"" ipv4hint=""104.21.54.221,172.67.142.203"" ech=""AEX+DQBBoAAgACC1s8bOVBWBjF9ngtb7yyj0lS54XIum9+PgQy65T2a8ZgAEAAEAAQASY2xvdWRmbGFyZS1lY2guY29tAAA="" ipv6hint=""2606:4700:3030::ac43:8ecb,2606:4700:3035::6815:36dd""', 'priority': 1, 'target': '.'}]",Service,True,True,True,True
allporncomic.com,True,True,1,True,True,"[{'rdata_text': '1 . alpn=""h3,h2"" ipv4hint=""104.26.4.71,104.26.5.71,172.67.69.85"" ech=""AEX+DQBBvAAgACDzSxc1dLFVyAsIjDFyyTWpuTirqoIfGQWzryoU9y42WQAEAAEAAQASY2xvdWRmbGFyZS1lY2guY29tAAA="" ipv6hint=""2606:4700:20::681a:447,2606:4700:20::681a:547,2606:4700:20::ac43:4555""', 'priority': 1, 'target': '.'}]",Service,True,True,True,True
av-th.net,True,True,1,True,True,"[{'rdata_text': '1 . alpn=""h3,h2"" ipv4hint=""104.26.4.56,104.26.5.56,172.67.75.227"" ech=""AEX+DQBBoAAgACC1s8bOVBWBjF9ngtb7yyj0lS54XIum9+PgQy65T2a8ZgAEAAEAAQASY2xvdWRmbGFyZS1lY2guY29tAAA="" ipv6hint=""2606:4700:20::681a:438,2606:4700:20::681a:538,2606:4700:20::ac43:4be3""', 'priority': 1, 'target': '.'}]",Service,True,True,True,True
azeriseks.org,True,True,1,True,True,"[{'rdata_text': '1 . alpn=""h3,h2"" ipv4hint=""104.26.8.98,104.26.9.98,172.67.69.57"" ech=""AEX+DQBBvAAgACDzSxc1dLFVyAsIjDFyyTWpuTirqoIfGQWzryoU9y42WQAEAAEAAQASY2xvdWRmbGFyZS1lY2guY29tAAA="" ipv6hint=""2606:4700:20::681a:862,2606:4700:20::681a:962,2606:4700:20::ac43:4539""', 'priority': 1, 'target': '.'}]",Service,True,True,True,True
buumal.com,True,True,1,True,True,"[{'rdata_text': '1 . alpn=""h3,h2"" ipv4hint=""104.21.94.42,172.67.219.82"" ech=""AEX+DQBBvAAgACDzSxc1dLFVyAsIjDFyyTWpuTirqoIfGQWzryoU9y42WQAEAAEAAQASY2xvdWRmbGFyZS1lY2guY29tAAA="" ipv6hint=""2606:4700:3031::6815:5e2a,2606:4700:3033::ac43:db52""', 'priority': 1, 'target': '.'}]",Service,True,True,True,True
destacamos.com,True,True,1,True,True,"[{'rdata_text': '1 . alpn=""h3,h2"" ipv4hint=""104.20.33.69,172.66.162.211"" ech=""AEX+DQBBvAAgACDzSxc1dLFVyAsIjDFyyTWpuTirqoIfGQWzryoU9y42WQAEAAEAAQASY2xvdWRmbGFyZS1lY2guY29tAAA="" ipv6hint=""2606:4700:10::6814:2145,2606:4700:10::ac42:a2d3""', 'priority': 1, 'target': '.'}]",Service,True,True,True,True
hentairead.com,True,True,1,True,True,"[{'rdata_text': '1 . alpn=""h3,h2"" ipv4hint=""104.21.21.146,172.67.199.33"" ech=""AEX+DQBBvAAgACDzSxc1dLFVyAsIjDFyyTWpuTirqoIfGQWzryoU9y42WQAEAAEAAQASY2xvdWRmbGFyZS1lY2guY29tAAA="" ipv6hint=""2606:4700:3030::ac43:c721,2606:4700:3032::6815:1592""', 'priority': 1, 'target': '.'}]",Service,True,True,True,True
hsex.men,True,True,1,True,True,"[{'rdata_text': '1 . alpn=""h3,h2"" ipv4hint=""104.21.71.68,172.67.143.186"" ech=""AEX+DQBBvAAgACDzSxc1dLFVyAsIjDFyyTWpuTirqoIfGQWzryoU9y42WQAEAAEAAQASY2xvdWRmbGFyZS1lY2guY29tAAA="" ipv6hint=""2606:4700:3031::6815:4744,2606:4700:3035::ac43:8fba""', 'priority': 1, 'target': '.'}]",Service,True,True,True,True
javsek.net,False,True,1,True,True,"[{'rdata_text': '1 . alpn=""h3,h2"" ipv4hint=""104.21.3.52,172.67.130.66"" ech=""AEX+DQBBvAAgACDzSxc1dLFVyAsIjDFyyTWpuTirqoIfGQWzryoU9y42WQAEAAEAAQASY2xvdWRmbGFyZS1lY2guY29tAAA="" ipv6hint=""2606:4700:3030::6815:334,2606:4700:3033::ac43:8242""', 'priority': 1, 'target': '.'}]",Service,True,True,True,True
javtiful.com,True,True,1,True,True,"[{'rdata_text': '1 . alpn=""h3,h2"" ipv4hint=""104.21.31.154,172.67.178.57"" ech=""AEX+DQBBvAAgACDzSxc1dLFVyAsIjDFyyTWpuTirqoIfGQWzryoU9y42WQAEAAEAAQASY2xvdWRmbGFyZS1lY2guY29tAAA="" ipv6hint=""2606:4700:3031::6815:1f9a,2606:4700:3036::ac43:b239""', 'priority': 1, 'target': '.'}]",Service,True,True,True,True
nekopoi.care,True,True,1,True,True,"[{'rdata_text': '1 . alpn=""h2"" ipv4hint=""104.21.14.33,172.67.157.174"" ech=""AEX+DQBBvAAgACDzSxc1dLFVyAsIjDFyyTWpuTirqoIfGQWzryoU9y42WQAEAAEAAQASY2xvdWRmbGFyZS1lY2guY29tAAA="" ipv6hint=""2606:4700:3036::6815:e21,2606:4700:3036::ac43:9dae""', 'priority': 1, 'target': '.'}]",Service,True,True,True,True
rou.video,True,True,1,True,True,"[{'rdata_text': '1 . alpn=""h3,h2"" ipv4hint=""104.21.91.24,172.67.208.217"" ech=""AEX+DQBBvAAgACDzSxc1dLFVyAsIjDFyyTWpuTirqoIfGQWzryoU9y42WQAEAAEAAQASY2xvdWRmbGFyZS1lY2guY29tAAA="" ipv6hint=""2606:4700:3033::ac43:d0d9,2606:4700:3035::6815:5b18""', 'priority': 1, 'target': '.'}]",Service,True,True,True,True
rule34.us,True,True,1,True,True,"[{'rdata_text': '1 . alpn=""h3,h2"" ipv4hint=""104.21.20.223,172.67.194.181"" ech=""AEX+DQBBvAAgACDzSxc1dLFVyAsIjDFyyTWpuTirqoIfGQWzryoU9y42WQAEAAEAAQASY2xvdWRmbGFyZS1lY2guY29tAAA="" ipv6hint=""2606:4700:3030::ac43:c2b5,2606:4700:3035::6815:14df""', 'priority': 1, 'target': '.'}]",Service,True,True,True,True
semprot.com,True,True,1,True,True,"[{'rdata_text': '1 . alpn=""h3,h2"" ipv4hint=""104.21.9.82,172.67.130.214"" ech=""AEX+DQBBvAAgACDzSxc1dLFVyAsIjDFyyTWpuTirqoIfGQWzryoU9y42WQAEAAEAAQASY2xvdWRmbGFyZS1lY2guY29tAAA="" ipv6hint=""2606:4700:3032::ac43:82d6,2606:4700:3035::6815:952""', 'priority': 1, 'target': '.'}]",Service,True,True,True,True
voz.vn,True,True,1,True,True,"[{'rdata_text': '1 . alpn=""h3,h2"" ipv4hint=""104.26.2.171,104.26.3.171,172.67.68.194"" ech=""AEX+DQBBvAAgACDzSxc1dLFVyAsIjDFyyTWpuTirqoIfGQWzryoU9y42WQAEAAEAAQASY2xvdWRmbGFyZS1lY2guY29tAAA="" ipv6hint=""2606:4700:20::681a:2ab,2606:4700:20::681a:3ab,2606:4700:20::ac43:44c2""', 'priority': 1, 'target': '.'}]",Service,True,True,True,True
91porny.com,True,True,1,True,True,"[{'rdata_text': '1 . alpn=""h3,h2"" ipv4hint=""104.21.1.200,172.67.129.227"" ech=""AEX+DQBBvAAgACDzSxc1dLFVyAsIjDFyyTWpuTirqoIfGQWzryoU9y42WQAEAAEAAQASY2xvdWRmbGFyZS1lY2guY29tAAA="" ipv6hint=""2606:4700:3032::6815:1c8,2606:4700:3036::ac43:81e3""', 'priority': 1, 'target': '.'}]",Service,True,True,True,True
pcpartpicker.com,True,True,1,True,True,"[{'rdata_text': '1 . alpn=""h3,h2"" ipv4hint=""104.17.156.24,104.18.99.52"" ech=""AEX+DQBBvAAgACDzSxc1dLFVyAsIjDFyyTWpuTirqoIfGQWzryoU9y42WQAEAAEAAQASY2xvdWRmbGFyZS1lY2guY29tAAA=""', 'priority': 1, 'target': '.'}]",Service,True,True,False,True
haveibeenpwned.com,True,True,1,True,True,"[{'rdata_text': '1 . alpn=""h3,h2"" ipv4hint=""104.16.123.33,104.16.124.33"" ech=""AEX+DQBBvAAgACDzSxc1dLFVyAsIjDFyyTWpuTirqoIfGQWzryoU9y42WQAEAAEAAQASY2xvdWRmbGFyZS1lY2guY29tAAA="" ipv6hint=""2606:4700::6810:7b21,2606:4700::6810:7c21""', 'priority': 1, 'target': '.'}]",Service,True,True,True,True
colamanga.com,True,True,1,True,True,"[{'rdata_text': '1 . alpn=""h3,h2"" ipv4hint=""104.26.8.152,104.26.9.152,172.67.71.153"" ech=""AEX+DQBBvAAgACDzSxc1dLFVyAsIjDFyyTWpuTirqoIfGQWzryoU9y42WQAEAAEAAQASY2xvdWRmbGFyZS1lY2guY29tAAA="" ipv6hint=""2606:4700:20::681a:898,2606:4700:20::681a:998,2606:4700:20::ac43:4799""', 'priority': 1, 'target': '.'}]",Service,True,True,True,True
playdigo.com,True,True,1,True,True,"[{'rdata_text': '1 . alpn=""h3,h2"" ipv4hint=""104.21.16.178,172.67.215.60"" ech=""AEX+DQBBvAAgACDzSxc1dLFVyAsIjDFyyTWpuTirqoIfGQWzryoU9y42WQAEAAEAAQASY2xvdWRmbGFyZS1lY2guY29tAAA="" ipv6hint=""2606:4700:3033::ac43:d73c,2606:4700:3037::6815:10b2""', 'priority': 1, 'target': '.'}]",Service,True,True,True,True
geekwire.com,True,True,1,True,True,"[{'rdata_text': '1 . alpn=""h3,h2"" ipv4hint=""104.20.41.126,172.66.160.202"" ech=""AEX+DQBBvAAgACDzSxc1dLFVyAsIjDFyyTWpuTirqoIfGQWzryoU9y42WQAEAAEAAQASY2xvdWRmbGFyZS1lY2guY29tAAA="" ipv6hint=""2606:4700:10::6814:297e,2606:4700:10::ac42:a0ca""', 'priority': 1, 'target': '.'}]",Service,True,True,True,True
freewebnovel.com,True,True,1,True,True,"[{'rdata_text': '1 . alpn=""h3,h2"" ipv4hint=""104.26.10.249,104.26.11.249,172.67.71.48"" ech=""AEX+DQBBvAAgACDzSxc1dLFVyAsIjDFyyTWpuTirqoIfGQWzryoU9y42WQAEAAEAAQASY2xvdWRmbGFyZS1lY2guY29tAAA="" ipv6hint=""2606:4700:20::681a:af9,2606:4700:20::681a:bf9,2606:4700:20::ac43:4730""', 'priority': 1, 'target': '.'}]",Service,True,True,True,True
apachehaus.com,True,True,1,True,True,"[{'rdata_text': '1 . alpn=""h3,h2"" ipv4hint=""104.21.54.133,172.67.138.207"" ech=""AEX+DQBBvAAgACDzSxc1dLFVyAsIjDFyyTWpuTirqoIfGQWzryoU9y42WQAEAAEAAQASY2xvdWRmbGFyZS1lY2guY29tAAA="" ipv6hint=""2606:4700:3033::ac43:8acf,2606:4700:3035::6815:3685""', 'priority': 1, 'target': '.'}]",Service,True,True,True,True
noor-book.com,True,True,1,True,True,"[{'rdata_text': '1 . alpn=""h3,h2"" ipv4hint=""104.20.31.180,172.66.167.54"" ech=""AEX+DQBBvAAgACDzSxc1dLFVyAsIjDFyyTWpuTirqoIfGQWzryoU9y42WQAEAAEAAQASY2xvdWRmbGFyZS1lY2guY29tAAA="" ipv6hint=""2606:4700:10::6814:1fb4,2606:4700:10::ac42:a736""', 'priority': 1, 'target': '.'}]",Service,True,True,True,True
notube.lol,True,True,1,True,True,"[{'rdata_text': '1 . alpn=""h3,h2"" ipv4hint=""104.26.0.30,104.26.1.30,172.67.72.144"" ech=""AEX+DQBBvAAgACDzSxc1dLFVyAsIjDFyyTWpuTirqoIfGQWzryoU9y42WQAEAAEAAQASY2xvdWRmbGFyZS1lY2guY29tAAA="" ipv6hint=""2606:4700:20::681a:1e,2606:4700:20::681a:11e,2606:4700:20::ac43:4890""', 'priority': 1, 'target': '.'}]",Service,True,True,True,True
open.ac.uk,True,True,1,True,True,"[{'rdata_text': '1 . alpn=""h2"" ipv4hint=""104.18.4.62,104.18.5.62"" ech=""AEX+DQBBvAAgACDzSxc1dLFVyAsIjDFyyTWpuTirqoIfGQWzryoU9y42WQAEAAEAAQASY2xvdWRmbGFyZS1lY2guY29tAAA="" ipv6hint=""2606:4700::6812:43e,2606:4700::6812:53e""', 'priority': 1, 'target': '.'}]",Service,True,True,True,True
sphinx-doc.org,True,True,1,True,True,"[{'rdata_text': '1 . alpn=""h3,h2"" ipv4hint=""104.21.11.126,172.67.166.9"" ech=""AEX+DQBBvAAgACDzSxc1dLFVyAsIjDFyyTWpuTirqoIfGQWzryoU9y42WQAEAAEAAQASY2xvdWRmbGFyZS1lY2guY29tAAA="" ipv6hint=""2606:4700:3032::6815:b7e,2606:4700:3037::ac43:a609""', 'priority': 1, 'target': '.'}]",Service,True,True,True,True
niezalezna.pl,True,True,1,True,True,"[{'rdata_text': '1 . alpn=""h3,h2"" ipv4hint=""104.21.61.233,172.67.216.14"" ech=""AEX+DQBBvAAgACDzSxc1dLFVyAsIjDFyyTWpuTirqoIfGQWzryoU9y42WQAEAAEAAQASY2xvdWRmbGFyZS1lY2guY29tAAA="" ipv6hint=""2606:4700:3037::6815:3de9,2606:4700:3037::ac43:d80e""', 'priority': 1, 'target': '.'}]",Service,True,True,True,True
krstarica.com,True,True,1,True,True,"[{'rdata_text': '1 . alpn=""h3,h2"" ipv4hint=""104.26.12.174,104.26.13.174,172.67.74.154"" ech=""AEX+DQBBvAAgACDzSxc1dLFVyAsIjDFyyTWpuTirqoIfGQWzryoU9y42WQAEAAEAAQASY2xvdWRmbGFyZS1lY2guY29tAAA="" ipv6hint=""2606:4700:20::681a:cae,2606:4700:20::681a:dae,2606:4700:20::ac43:4a9a""', 'priority': 1, 'target': '.'}]",Service,True,True,True,True
commonsensemedia.org,True,True,1,True,True,"[{'rdata_text': '1 . alpn=""h2"" ipv4hint=""104.25.118.19,104.25.119.19,172.67.97.131"" ech=""AEX+DQBBvAAgACDzSxc1dLFVyAsIjDFyyTWpuTirqoIfGQWzryoU9y42WQAEAAEAAQASY2xvdWRmbGFyZS1lY2guY29tAAA="" ipv6hint=""2606:4700:20::6819:7613,2606:4700:20::6819:7713,2606:4700:20::ac43:6183""', 'priority': 1, 'target': '.'}]",Service,True,True,True,True
pornogratisdiario.com,True,True,1,True,True,"[{'rdata_text': '1 . alpn=""h3,h2"" ipv4hint=""104.26.0.73,104.26.1.73,172.67.73.121"" ech=""AEX+DQBBvAAgACDzSxc1dLFVyAsIjDFyyTWpuTirqoIfGQWzryoU9y42WQAEAAEAAQASY2xvdWRmbGFyZS1lY2guY29tAAA="" ipv6hint=""2606:4700:20::681a:49,2606:4700:20::681a:149,2606:4700:20::ac43:4979""', 'priority': 1, 'target': '.'}]",Service,True,True,True,True
fngml.com,True,True,1,True,True,"[{'rdata_text': '1 . alpn=""h2"" ipv4hint=""104.21.22.252,172.67.208.31"" ech=""AEX+DQBBvAAgACDzSxc1dLFVyAsIjDFyyTWpuTirqoIfGQWzryoU9y42WQAEAAEAAQASY2xvdWRmbGFyZS1lY2guY29tAAA="" ipv6hint=""2606:4700:3032::ac43:d01f,2606:4700:3036::6815:16fc""', 'priority': 1, 'target': '.'}]",Service,True,True,True,True
die.net,True,True,1,True,True,"[{'rdata_text': '1 . alpn=""h3,h2"" ipv4hint=""104.26.0.94,104.26.1.94,172.67.69.187"" ech=""AEX+DQBBvAAgACDzSxc1dLFVyAsIjDFyyTWpuTirqoIfGQWzryoU9y42WQAEAAEAAQASY2xvdWRmbGFyZS1lY2guY29tAAA="" ipv6hint=""2606:4700:20::681a:5e,2606:4700:20::681a:15e,2606:4700:20::ac43:45bb""', 'priority': 1, 'target': '.'}]",Service,True,True,True,True
sex4arab.xxx,True,True,1,True,True,"[{'rdata_text': '1 . alpn=""h3,h2"" ipv4hint=""104.21.60.30,172.67.191.27"" ech=""AEX+DQBBvAAgACDzSxc1dLFVyAsIjDFyyTWpuTirqoIfGQWzryoU9y42WQAEAAEAAQASY2xvdWRmbGFyZS1lY2guY29tAAA="" ipv6hint=""2606:4700:3032::ac43:bf1b,2606:4700:3035::6815:3c1e""', 'priority': 1, 'target': '.'}]",Service,True,True,True,True
plurk.com,True,True,1,True,True,"[{'rdata_text': '1 . alpn=""h3,h2"" ipv4hint=""104.17.79.77,104.18.65.15"" ech=""AEX+DQBBUQAgACAkvESuEJT4vHvjJRw4lNcvk5nQiMnMCqbdICApWsaTAQAEAAEAAQASY2xvdWRmbGFyZS1lY2guY29tAAA="" ipv6hint=""2606:4700::6811:4f4d,2606:4700::6812:410f""', 'priority': 1, 'target': '.'}]",Service,True,True,True,True
statically.io,True,True,1,True,True,"[{'rdata_text': '1 . alpn=""h3,h2"" ipv4hint=""104.20.35.99,172.66.147.148"" ech=""AEX+DQBBvAAgACDzSxc1dLFVyAsIjDFyyTWpuTirqoIfGQWzryoU9y42WQAEAAEAAQASY2xvdWRmbGFyZS1lY2guY29tAAA="" ipv6hint=""2606:4700:10::6814:2363,2606:4700:10::ac42:9394""', 'priority': 1, 'target': '.'}]",Service,True,True,True,True
mpbreakingnews.in,True,True,1,True,True,"[{'rdata_text': '1 . alpn=""h3,h2"" ipv4hint=""104.21.60.123,172.67.196.72"" ech=""AEX+DQBBUQAgACAkvESuEJT4vHvjJRw4lNcvk5nQiMnMCqbdICApWsaTAQAEAAEAAQASY2xvdWRmbGFyZS1lY2guY29tAAA="" ipv6hint=""2606:4700:3036::6815:3c7b,2606:4700:3037::ac43:c448""', 'priority': 1, 'target': '.'}]",Service,True,True,True,True
sacnilk.com,True,True,1,True,True,"[{'rdata_text': '1 . alpn=""h3,h2"" ipv4hint=""104.21.27.225,172.67.169.201"" ech=""AEX+DQBBUQAgACAkvESuEJT4vHvjJRw4lNcvk5nQiMnMCqbdICApWsaTAQAEAAEAAQASY2xvdWRmbGFyZS1lY2guY29tAAA="" ipv6hint=""2606:4700:3032::6815:1be1,2606:4700:3035::ac43:a9c9""', 'priority': 1, 'target': '.'}]",Service,True,True,True,True
fimfiction.net,True,True,1,True,True,"[{'rdata_text': '1 . alpn=""h3,h2"" ipv4hint=""104.20.24.61,172.66.162.153"" ech=""AEX+DQBBUQAgACAkvESuEJT4vHvjJRw4lNcvk5nQiMnMCqbdICApWsaTAQAEAAEAAQASY2xvdWRmbGFyZS1lY2guY29tAAA="" ipv6hint=""2606:4700:10::6814:183d,2606:4700:10::ac42:a299""', 'priority': 1, 'target': '.'}]",Service,True,True,True,True
spiritfanfiction.com,True,True,1,True,True,"[{'rdata_text': '1 . alpn=""h3,h2"" ipv4hint=""104.26.4.96,104.26.5.96,172.67.68.149"" ech=""AEX+DQBBUQAgACAkvESuEJT4vHvjJRw4lNcvk5nQiMnMCqbdICApWsaTAQAEAAEAAQASY2xvdWRmbGFyZS1lY2guY29tAAA="" ipv6hint=""2606:4700:20::681a:460,2606:4700:20::681a:560,2606:4700:20::ac43:4495""', 'priority': 1, 'target': '.'}]",Service,True,True,True,True
