1,google.com
2,microsoft.com
3,facebook.com
4,googleapis.com
5,youtube.com
6,apple.com
7,instagram.com
8,gstatic.com
9,cloudflare.com
10,twitter.com
11,office.com
12,amazonaws.com
13,live.com
14,linkedin.com
15,googletagmanager.com
16,amazon.com
17,microsoftonline.com
18,googlevideo.com
19,wikipedia.org
20,windowsupdate.com
21,github.com
22,fbcdn.net
23,doubleclick.net
24,googleusercontent.com
25,digicert.com
26,bing.com
27,whatsapp.net
28,wordpress.org
29,e2ro.com
30,youtu.be
31,netflix.com
32,icloud.com
33,pinterest.com
34,apple-dns.net
35,whatsapp.com
36,goo.gl
37,office.net
38,skype.com
39,x.com
40,yahoo.com
41,akadns.net
42,msn.com
43,ntp.org
44,googlesyndication.com
45,aaplimg.com
46,tiktok.com
47,vimeo.com
48,spotify.com
49,adobe.com
50,windows.net
51,cloudfront.net
52,ytimg.com
53,chatgpt.com
54,wa.me
55,akamai.net
56,nginx.org
57,google-analytics.com
58,office365.com
59,cloudflare-dns.com
60,gvt2.com
61,tiktokcdn.com
62,bit.ly
63,nginx.com
64,tiktokv.com
65,baidu.com
66,samsung.com
67,fastly.net
68,mozilla.org
69,wordpress.com
70,reddit.com
71,sharepoint.com
72,googleadservices.com
73,windows.com
74,qq.com
75,azure.com
76,ui.com
77,gvt1.com
78,akamaiedge.net
79,cdninstagram.com
80,t.me
81,sentry.io
82,blogspot.com
83,europa.eu
84,dns.google
85,app-measurement.com
86,github.io
87,apache.org
88,cloud.microsoft
89,gravatar.com
90,zoom.us
91,0xrpc.io
92,app-analytics-services.com
93,msftncsi.com
94,snapchat.com
95,roblox.com
96,pki.goog
97,amazon-adsystem.com
98,one.one
99,f5.com
100,outlook.com
101,archive.org
102,nih.gov
103,forms.gle
104,miit.gov.cn
105,tumblr.com
106,msftconnecttest.com
107,criteo.com
108,steamserver.net
109,opera.com
110,applovin.com
111,nytimes.com
112,dropbox.com
113,ggpht.com
114,appsflyersdk.com
115,discord.com
116,trafficmanager.net
117,3gppnetwork.org
118,macromedia.com
119,vk.com
120,mailinabox.email
121,shopify.com
122,unity3d.com
123,paypal.com
124,amazon.dev
125,cdn-apple.com
126,a2z.com
127,flickr.com
128,godaddy.com
129,lencr.org
130,soundcloud.com
131,medium.com
132,w3.org
133,rubiconproject.com
134,cnn.com
135,theguardian.com
136,taboola.com
137,creativecommons.org
138,forbes.com
139,tiktokcdn-us.com
140,adtrafficquality.google
141,example.com
142,t.co
143,adnxs.com
144,nist.gov
145,bbc.com
146,avast.com
147,xiaomi.com
148,bbc.co.uk
149,sourceforge.net
150,researchgate.net
151,sciencedirect.com
152,oracle.com
153,adsrvr.org
154,mit.edu
155,pubmatic.com
156,cpanel.net
157,doi.org
158,vungle.com
159,gmail.com
160,canva.com
161,merkle.io
162,youtube-nocookie.com
163,twitch.tv
164,android.com
165,imdb.com
166,weather.com
167,ebay.com
168,wixsite.com
169,who.int
170,linktr.ee
171,yandex.ru
172,playstation.net
173,static.microsoft
174,scorecardresearch.com
175,aws.dev
176,hubspot.com
177,mail.ru
178,doubleverify.com
179,yandex.com
180,launchpad.net
181,mikrotik.com
182,wikimedia.org
183,tinyurl.com
184,epicgames.com
185,nr-data.net
186,ubuntu.com
187,springer.com
188,msedge.net
189,demdex.net
190,dropcatch.com
191,reuters.com
192,googleblog.com
193,adobe.io
194,www.gov.uk
195,etsy.com
196,mzstatic.com
197,php.net
198,jsdelivr.net
199,nature.com
200,debian.org
201,bilibili.com
202,openai.com
203,wiley.com
204,issuu.com
205,hp.com
206,harvard.edu
207,ampproject.org
208,stripe.com
209,cisco.com
210,media-amazon.com
211,amazon.co.uk
212,steampowered.com
213,casalemedia.com
214,grammarly.com
215,launchdarkly.com
216,discord.gg
217,weibo.com
218,telegram.org
219,ibm.com
220,cloudflare.net
221,weebly.com
222,cdc.gov
223,openx.net
224,gnu.org
225,cookielaw.org
226,wyzecam.com
227,mozilla.com
228,facebook.net
229,inmobi.com
230,crashlytics.com
231,miui.com
232,washingtonpost.com
233,un.org
234,adsafeprotected.com
235,clarity.ms
236,dailymail.co.uk
237,wsj.com
238,alibaba.com
239,media.net
240,booking.com
241,smartadserver.com
242,bloomberg.com
243,businessinsider.com
244,avsxappcaptiveportal.com
245,telegraph.co.uk
246,tiktokv.us
247,roku.com
248,aliyuncs.com
249,stanford.edu
250,cloudflareinsights.com
251,opendns.com
252,plesk.com
253,sc-cdn.net
254,ibyteimg.com
255,aliexpress.com
256,ipv4only.arpa
257,unsplash.com
258,naver.com
259,capcutapi.com
260,dailymotion.com
261,xboxlive.com
262,appsflyer.com
263,google.com.br
264,kwai-pro.com
265,nflxso.net
266,cookiedatabase.org
267,3lift.com
268,cornell.edu
269,samsungcloud.com
270,scdn.co
271,telegram.me
272,wp.com
273,ax-msedge.net
274,duckduckgo.com
275,amazonalexa.com
276,samsungqbe.com
277,cdn77.org
278,myshopify.com
279,amazonvideo.com
280,nasa.gov
281,yandex.net
282,indeed.com
283,sfx.ms
284,statista.com
285,temu.com
286,go.com
287,tp-link.com
288,ipify.org
289,calendly.com
290,expireddomains.com
291,pixabay.com
292,steamcommunity.com
293,bamgrid.com
294,firetvcaptiveportal.com
295,list-manage.com
296,inner-active.mobi
297,line.me
298,cnbc.com
299,azureedge.net
300,beian.gov.cn
301,gamepass.com
302,addtoany.com
303,taobao.com
304,amazon.de
305,avcdn.net
306,ttdns2.com
307,goodreads.com
308,ietf.org
309,mtgglobals.com
310,aol.com
311,allawnos.com
312,tiktokcdn-eu.com
313,gitlab.com
314,quora.com
315,g.page
316,pangle.io
317,heytapmobile.com
318,aliyun.com
319,azurefd.net
320,globo.com
321,independent.co.uk
322,speedtest.net
323,samsungcloudsolution.com
324,heytapdl.com
325,giphy.com
326,eventbrite.com
327,google.de
328,akamaized.net
329,shalltry.com
330,nflximg.com
331,tiktokv.eu
332,trustpilot.com
333,npr.org
334,amzn.to
335,163.com
336,bytefcdn-oversea.com
337,mysql.com
338,foxnews.com
339,edgesuite.net
340,vivoglobal.com
341,fastly-edge.com
342,tradingview.com
343,douyincdn.com
344,kwai.net
345,kwaipros.com
346,wired.com
347,eye4.cn
348,edgekey.net
349,dell.com
350,scribd.com
351,slideshare.net
352,indiatimes.com
353,nvidia.com
354,behance.net
355,walmart.com
356,stackoverflow.com
357,time.com
358,visualstudio.com
359,slack.com
360,safebrowsing.apple
361,netflix.net
362,usatoday.com
363,blogger.com
364,ok.ru
365,yahoo.co.jp
366,ft.com
367,branch.io
368,huawei.com
369,espn.com
370,bsky.app
371,deviantart.com
372,firefox.com
373,shein.com
374,ya.ru
375,amplitude.com
376,amazon.co.jp
377,capcut.com
378,jquery.com
379,oup.com
380,msidentity.com
381,xhamster.com
382,fast.com
383,uk.com
384,tandfonline.com
385,shopee.com.br
386,uber.com
387,aiv-delivery.net
388,tripadvisor.com
389,berkeley.edu
390,byteoversea.net
391,webex.com
392,adobedtm.com
393,loc.gov
394,arxiv.org
395,icloud-content.com
396,aboutads.info
397,wix.com
398,uol.com.br
399,britannica.com
400,target.com
401,svc.ms
402,substack.com
403,yelp.com
404,ieee.org
405,mi.com
406,googlezip.net
407,accuweather.com
408,zendesk.com
409,cnet.com
410,intel.com
411,ikea.com
412,onelink.me
413,google.com.hk
414,imgur.com
415,rlcdn.com
416,azurewebsites.net
417,jotform.com
418,teamviewer.com
419,squarespace.com
420,free.fr
421,ipinfo.io
422,ca.gov
423,googletagservices.com
424,rakuten.co.jp
425,fontawesome.com
426,docker.com
427,redhat.com
428,publicnode.com
429,dzen.ru
430,cbsnews.com
431,sina.com.cn
432,g.co
433,supercell.com
434,elpais.com
435,ted.com
436,surveymonkey.com
437,bidswitch.net
438,oxylabs.io
439,githubusercontent.com
440,intuit.com
441,salesforce.com
442,telephony.goog
443,2mdn.net
444,licdn.com
445,shutterstock.com
446,service.gov.uk
447,google.co.uk
448,techcrunch.com
449,unesco.org
450,mdpi.com
451,cambridge.org
452,playstation.com
453,tapad.com
454,onetrust.com
455,newrelic.com
456,typekit.net
457,lemonde.fr
458,agkn.com
459,pinimg.com
460,autodesk.com
461,spiegel.de
462,live.net
463,amazon.fr
464,apnews.com
465,llamarpc.com
466,nbcnews.com
467,amazon.ca
468,appcenter.ms
469,mailchimp.com
470,outbrain.com
471,twimg.com
472,wp.pl
473,withgoogle.com
474,wattpad.com
475,freepik.com
476,ea.com
477,ozon.ru
478,sagepub.com
479,nike.com
480,mediafire.com
481,nintendo.com
482,hotjar.com
483,liadm.com
484,nel.goog
485,fb.com
486,id5-sync.com
487,allaboutcookies.org
488,ups.com
489,b-cdn.net
490,networkadvertising.org
491,1rx.io
492,wildberries.ru
493,stackadapt.com
494,pages.dev
495,dotomi.com
496,sharethrough.com
497,braze.com
498,shopee.co.id
499,duolingo.com
500,homedepot.com
